{
    "formatVersion": 1,
    "libraries": [
        {
            "name": "org.lwjgl:lwjgl-glfw:3.3.6",
            "downloads": {
                "artifact": {
                    "path": "org/lwjgl/lwjgl-glfw/3.3.6/lwjgl-glfw-3.3.6.jar",
                    "url": "https://repo.maven.apache.org/maven2/org/lwjgl/lwjgl-glfw/3.3.6/lwjgl-glfw-3.3.6.jar",
                    "sha1": "07119f7d0eeb1e5502ff0ca71d2b4d47317da015",
                    "size": 148078
                }
            }
        },
        {
            "name": "org.lwjgl:lwjgl-jemalloc:3.3.6",
            "downloads": {
                "artifact": {
                    "path": "org/lwjgl/lwjgl-jemalloc/3.3.6/lwjgl-jemalloc-3.3.6.jar",
                    "url": "https://repo.maven.apache.org/maven2/org/lwjgl/lwjgl-jemalloc/3.3.6/lwjgl-jemalloc-3.3.6.jar",
                    "sha1": "245910eb57f2444429c74e6bf96030e5ec0a6739",
                    "size": 46636
                }
            }
        },
        {
            "name": "org.lwjgl:lwjgl-openal:3.3.6",
            "downloads": {
                "artifact": {
                    "path": "org/lwjgl/lwjgl-openal/3.3.6/lwjgl-openal-3.3.6.jar",
                    "url": "https://repo.maven.apache.org/maven2/org/lwjgl/lwjgl-openal/3.3.6/lwjgl-openal-3.3.6.jar",
                    "sha1": "ad313317ff399fd2a7f4dd74716a68cf3976c6ad",
                    "size": 153061
                }
            }
        },
        {
            "name": "org.lwjgl:lwjgl-opengl:3.3.6",
            "downloads": {
                "artifact": {
                    "path": "org/lwjgl/lwjgl-opengl/3.3.6/lwjgl-opengl-3.3.6.jar",
                    "url": "https://repo.maven.apache.org/maven2/org/lwjgl/lwjgl-opengl/3.3.6/lwjgl-opengl-3.3.6.jar",
                    "sha1": "ac2532612a4df374e9a9282bcf8ce2573018ebbb",
                    "size": 935339
                }
            }
        },
        {
            "name": "org.lwjgl:lwjgl-stb:3.3.6",
            "downloads": {
                "artifact": {
                    "path": "org/lwjgl/lwjgl-stb/3.3.6/lwjgl-stb-3.3.6.jar",
                    "url": "https://repo.maven.apache.org/maven2/org/lwjgl/lwjgl-stb/3.3.6/lwjgl-stb-3.3.6.jar",
                    "sha1": "e2d3739dcfe7b672b626ded66d94f6587083306e",
                    "size": 144610
                }
            }
        },
        {
            "name": "org.lwjgl:lwjgl-tinyfd:3.3.6",
            "downloads": {
                "artifact": {
                    "path": "org/lwjgl/lwjgl-tinyfd/3.3.6/lwjgl-tinyfd-3.3.6.jar",
                    "url": "https://repo.maven.apache.org/maven2/org/lwjgl/lwjgl-tinyfd/3.3.6/lwjgl-tinyfd-3.3.6.jar",
                    "sha1": "58ceead1d42ff20d2d4f674aaeceb200733461c2",
                    "size": 16029
                }
            }
        },
        {
            "name": "org.lwjgl:lwjgl:3.3.6",
            "downloads": {
                "artifact": {
                    "path": "org/lwjgl/lwjgl/3.3.6/lwjgl-3.3.6.jar",
                    "url": "https://repo.maven.apache.org/maven2/org/lwjgl/lwjgl/3.3.6/lwjgl-3.3.6.jar",
                    "sha1": "ce7721d30cfaf47feaed10213e0c43eb55c49d68",
                    "size": 823245
                }
            }
        },
        {
            "name": "org.lwjgl:lwjgl-glfw:3.3.6:natives-linux-arm64",
            "downloads": {
                "artifact": {
                    "path": "org/lwjgl/lwjgl-glfw/3.3.6/lwjgl-glfw-3.3.6-natives-linux-arm64.jar",
                    "url": "https://repo.maven.apache.org/maven2/org/lwjgl/lwjgl-glfw/3.3.6/lwjgl-glfw-3.3.6-natives-linux-arm64.jar",
                    "sha1": "b54023af492b4c2c72451f3a7aa0f385e9969474",
                    "size": 141056
                }
            },
            "rules": [
                {
                    "action": "allow",
                    "os": {
                        "name": "linux"
                    }
                },
                {
                    "action": "allow",
                    "os": {
                        "name": "linux-arm64"
                    }
                }
            ]
        },
        {
            "name": "org.lwjgl:lwjgl-glfw:3.3.6:natives-linux-arm32",
            "downloads": {
                "artifact": {
                    "path": "org/lwjgl/lwjgl-glfw/3.3.6/lwjgl-glfw-3.3.6-natives-linux-arm32.jar",
                    "url": "https://repo.maven.apache.org/maven2/org/lwjgl/lwjgl-glfw/3.3.6/lwjgl-glfw-3.3.6-natives-linux-arm32.jar",
                    "sha1": "671adf04a6bc4f792af13892e37f804be30b7070",
                    "size": 118670
                }
            },
            "rules": [
                {
                    "action": "allow",
                    "os": {
                        "name": "linux"
                    }
                }
            ]
        },
        {
            "name": "org.lwjgl:lwjgl-glfw:3.3.6:natives-linux",
            "downloads": {
                "artifact": {
                    "path": "org/lwjgl/lwjgl-glfw/3.3.6/lwjgl-glfw-3.3.6-natives-linux.jar",
                    "url": "https://repo.maven.apache.org/maven2/org/lwjgl/lwjgl-glfw/3.3.6/lwjgl-glfw-3.3.6-natives-linux.jar",
                    "sha1": "797e0965709ad180d9b00c88a086dbda15002203",
                    "size": 128137
                }
            },
            "rules": [
                {
                    "action": "allow",
                    "os": {
                        "name": "linux"
                    }
                }
            ]
        },
        {
            "name": "org.lwjgl:lwjgl-glfw:3.3.6:natives-macos-arm64",
            "downloads": {
                "artifact": {
                    "path": "org/lwjgl/lwjgl-glfw/3.3.6/lwjgl-glfw-3.3.6-natives-macos-arm64.jar",
                    "url": "https://repo.maven.apache.org/maven2/org/lwjgl/lwjgl-glfw/3.3.6/lwjgl-glfw-3.3.6-natives-macos-arm64.jar",
                    "sha1": "399b42b491c5dfa6595ae6fd79dcba61b93538a7",
                    "size": 146109
                }
            },
            "rules": [
                {
                    "action": "allow",
                    "os": {
                        "name": "osx"
                    }
                },
                {
                    "action": "allow",
                    "os": {
                        "name": "osx-arm64"
                    }
                }
            ]
        },
        {
            "name": "org.lwjgl:lwjgl-glfw:3.3.6:natives-macos",
            "downloads": {
                "artifact": {
                    "path": "org/lwjgl/lwjgl-glfw/3.3.6/lwjgl-glfw-3.3.6-natives-macos.jar",
                    "url": "https://repo.maven.apache.org/maven2/org/lwjgl/lwjgl-glfw/3.3.6/lwjgl-glfw-3.3.6-natives-macos.jar",
                    "sha1": "82c8d748a654241b5961ddd1c098e8b648e38a48",
                    "size": 151479
                }
            },
            "rules": [
                {
                    "action": "allow",
                    "os": {
                        "name": "osx"
                    }
                }
            ]
        },
        {
            "name": "org.lwjgl:lwjgl-glfw:3.3.6:natives-windows-arm64",
            "downloads": {
                "artifact": {
                    "path": "org/lwjgl/lwjgl-glfw/3.3.6/lwjgl-glfw-3.3.6-natives-windows-arm64.jar",
                    "url": "https://repo.maven.apache.org/maven2/org/lwjgl/lwjgl-glfw/3.3.6/lwjgl-glfw-3.3.6-natives-windows-arm64.jar",
                    "sha1": "4aae4172124b49af166acc3e54aa7a091d16669d",
                    "size": 152425
                }
            },
            "rules": [
                {
                    "action": "allow",
                    "os": {
                        "name": "windows"
                    }
                },
                {
                    "action": "allow",
                    "os": {
                        "name": "windows-arm64"
                    }
                }
            ]
        },
        {
            "name": "org.lwjgl:lwjgl-glfw:3.3.6:natives-windows-x86",
            "downloads": {
                "artifact": {
                    "path": "org/lwjgl/lwjgl-glfw/3.3.6/lwjgl-glfw-3.3.6-natives-windows-x86.jar",
                    "url": "https://repo.maven.apache.org/maven2/org/lwjgl/lwjgl-glfw/3.3.6/lwjgl-glfw-3.3.6-natives-windows-x86.jar",
                    "sha1": "cfa8f1e96d572ed56da5945adf5167628f5eecdb",
                    "size": 164971
                }
            },
            "rules": [
                {
                    "action": "allow",
                    "os": {
                        "name": "windows"
                    }
                }
            ]
        },
        {
            "name": "org.lwjgl:lwjgl-glfw:3.3.6:natives-windows",
            "downloads": {
                "artifact": {
                    "path": "org/lwjgl/lwjgl-glfw/3.3.6/lwjgl-glfw-3.3.6-natives-windows.jar",
                    "url": "https://repo.maven.apache.org/maven2/org/lwjgl/lwjgl-glfw/3.3.6/lwjgl-glfw-3.3.6-natives-windows.jar",
                    "sha1": "99ef08056feb9627f90425a4d2a22cd9fae8e39b",
                    "size": 171962
                }
            },
            "rules": [
                {
                    "action": "allow",
                    "os": {
                        "name": "windows"
                    }
                }
            ]
        },
        {
            "name": "org.lwjgl:lwjgl-jemalloc:3.3.6:natives-linux-arm64",
            "downloads": {
                "artifact": {
                    "path": "org/lwjgl/lwjgl-jemalloc/3.3.6/lwjgl-jemalloc-3.3.6-natives-linux-arm64.jar",
                    "url": "https://repo.maven.apache.org/maven2/org/lwjgl/lwjgl-jemalloc/3.3.6/lwjgl-jemalloc-3.3.6-natives-linux-arm64.jar",
                    "sha1": "1bc2e16e70df7f418d668c2984ac8066f1f6f5b1",
                    "size": 222196
                }
            },
            "rules": [
                {
                    "action": "allow",
                    "os": {
                        "name": "linux"
                    }
                },
                {
                    "action": "allow",
                    "os": {
                        "name": "linux-arm64"
                    }
                }
            ]
        },
        {
            "name": "org.lwjgl:lwjgl-jemalloc:3.3.6:natives-linux-arm32",
            "downloads": {
                "artifact": {
                    "path": "org/lwjgl/lwjgl-jemalloc/3.3.6/lwjgl-jemalloc-3.3.6-natives-linux-arm32.jar",
                    "url": "https://repo.maven.apache.org/maven2/org/lwjgl/lwjgl-jemalloc/3.3.6/lwjgl-jemalloc-3.3.6-natives-linux-arm32.jar",
                    "sha1": "c484cae39a718010dbc7931fe5e12664600a13c2",
                    "size": 176503
                }
            },
            "rules": [
                {
                    "action": "allow",
                    "os": {
                        "name": "linux"
                    }
                }
            ]
        },
        {
            "name": "org.lwjgl:lwjgl-jemalloc:3.3.6:natives-linux",
            "downloads": {
                "artifact": {
                    "path": "org/lwjgl/lwjgl-jemalloc/3.3.6/lwjgl-jemalloc-3.3.6-natives-linux.jar",
                    "url": "https://repo.maven.apache.org/maven2/org/lwjgl/lwjgl-jemalloc/3.3.6/lwjgl-jemalloc-3.3.6-natives-linux.jar",
                    "sha1": "26f8b467dc2e0f3000d608de3564b572bb46f927",
                    "size": 210549
                }
            },
            "rules": [
                {
                    "action": "allow",
                    "os": {
                        "name": "linux"
                    }
                }
            ]
        },
        {
            "name": "org.lwjgl:lwjgl-jemalloc:3.3.6:natives-macos-arm64",
            "downloads": {
                "artifact": {
                    "path": "org/lwjgl/lwjgl-jemalloc/3.3.6/lwjgl-jemalloc-3.3.6-natives-macos-arm64.jar",
                    "url": "https://repo.maven.apache.org/maven2/org/lwjgl/lwjgl-jemalloc/3.3.6/lwjgl-jemalloc-3.3.6-natives-macos-arm64.jar",
                    "sha1": "1f828c1fc06792475850162725433adf5ad001c0",
                    "size": 126884
                }
            },
            "rules": [
                {
                    "action": "allow",
                    "os": {
                        "name": "osx"
                    }
                },
                {
                    "action": "allow",
                    "os": {
                        "name": "osx-arm64"
                    }
                }
            ]
        },
        {
            "name": "org.lwjgl:lwjgl-jemalloc:3.3.6:natives-macos",
            "downloads": {
                "artifact": {
                    "path": "org/lwjgl/lwjgl-jemalloc/3.3.6/lwjgl-jemalloc-3.3.6-natives-macos.jar",
                    "url": "https://repo.maven.apache.org/maven2/org/lwjgl/lwjgl-jemalloc/3.3.6/lwjgl-jemalloc-3.3.6-natives-macos.jar",
                    "sha1": "09a42df0f2e9747815490311d7db7b4a046d5f40",
                    "size": 136797
                }
            },
            "rules": [
                {
                    "action": "allow",
                    "os": {
                        "name": "osx"
                    }
                }
            ]
        },
        {
            "name": "org.lwjgl:lwjgl-jemalloc:3.3.6:natives-windows-arm64",
            "downloads": {
                "artifact": {
                    "path": "org/lwjgl/lwjgl-jemalloc/3.3.6/lwjgl-jemalloc-3.3.6-natives-windows-arm64.jar",
                    "url": "https://repo.maven.apache.org/maven2/org/lwjgl/lwjgl-jemalloc/3.3.6/lwjgl-jemalloc-3.3.6-natives-windows-arm64.jar",
                    "sha1": "c73aaec4f12678c18d94f173a625a2923f4a9f90",
                    "size": 156149
                }
            },
            "rules": [
                {
                    "action": "allow",
                    "os": {
                        "name": "windows"
                    }
                },
                {
                    "action": "allow",
                    "os": {
                        "name": "windows-arm64"
                    }
                }
            ]
        },
        {
            "name": "org.lwjgl:lwjgl-jemalloc:3.3.6:natives-windows-x86",
            "downloads": {
                "artifact": {
                    "path": "org/lwjgl/lwjgl-jemalloc/3.3.6/lwjgl-jemalloc-3.3.6-natives-windows-x86.jar",
                    "url": "https://repo.maven.apache.org/maven2/org/lwjgl/lwjgl-jemalloc/3.3.6/lwjgl-jemalloc-3.3.6-natives-windows-x86.jar",
                    "sha1": "c86043a342a33e5d32fabf962578580633db3c6e",
                    "size": 152110
                }
            },
            "rules": [
                {
                    "action": "allow",
                    "os": {
                        "name": "windows"
                    }
                }
            ]
        },
        {
            "name": "org.lwjgl:lwjgl-jemalloc:3.3.6:natives-windows",
            "downloads": {
                "artifact": {
                    "path": "org/lwjgl/lwjgl-jemalloc/3.3.6/lwjgl-jemalloc-3.3.6-natives-windows.jar",
                    "url": "https://repo.maven.apache.org/maven2/org/lwjgl/lwjgl-jemalloc/3.3.6/lwjgl-jemalloc-3.3.6-natives-windows.jar",
                    "sha1": "0f9da76351e14a695be172d6915c8a7b2905307f",
                    "size": 181163
                }
            },
            "rules": [
                {
                    "action": "allow",
                    "os": {
                        "name": "windows"
                    }
                }
            ]
        },
        {
            "name": "org.lwjgl:lwjgl-openal:3.3.6:natives-linux-arm64",
            "downloads": {
                "artifact": {
                    "path": "org/lwjgl/lwjgl-openal/3.3.6/lwjgl-openal-3.3.6-natives-linux-arm64.jar",
                    "url": "https://repo.maven.apache.org/maven2/org/lwjgl/lwjgl-openal/3.3.6/lwjgl-openal-3.3.6-natives-linux-arm64.jar",
                    "sha1": "fd2c17603c63e8d543cb57d1db77ebd4574f3b7a",
                    "size": 656568
                }
            },
            "rules": [
                {
                    "action": "allow",
                    "os": {
                        "name": "linux"
                    }
                },
                {
                    "action": "allow",
                    "os": {
                        "name": "linux-arm64"
                    }
                }
            ]
        },
        {
            "name": "org.lwjgl:lwjgl-openal:3.3.6:natives-linux-arm32",
            "downloads": {
                "artifact": {
                    "path": "org/lwjgl/lwjgl-openal/3.3.6/lwjgl-openal-3.3.6-natives-linux-arm32.jar",
                    "url": "https://repo.maven.apache.org/maven2/org/lwjgl/lwjgl-openal/3.3.6/lwjgl-openal-3.3.6-natives-linux-arm32.jar",
                    "sha1": "7830af894fa110e65bf5075deb9183efbdbc50f5",
                    "size": 604338
                }
            },
            "rules": [
                {
                    "action": "allow",
                    "os": {
                        "name": "linux"
                    }
                }
            ]
        },
        {
            "name": "org.lwjgl:lwjgl-openal:3.3.6:natives-linux",
            "downloads": {
                "artifact": {
                    "path": "org/lwjgl/lwjgl-openal/3.3.6/lwjgl-openal-3.3.6-natives-linux.jar",
                    "url": "https://repo.maven.apache.org/maven2/org/lwjgl/lwjgl-openal/3.3.6/lwjgl-openal-3.3.6-natives-linux.jar",
                    "sha1": "ef356c04ef141d4efbde07793f31784f1f1a1bae",
                    "size": 765147
                }
            },
            "rules": [
                {
                    "action": "allow",
                    "os": {
                        "name": "linux"
                    }
                }
            ]
        },
        {
            "name": "org.lwjgl:lwjgl-openal:3.3.6:natives-macos-arm64",
            "downloads": {
                "artifact": {
                    "path": "org/lwjgl/lwjgl-openal/3.3.6/lwjgl-openal-3.3.6-natives-macos-arm64.jar",
                    "url": "https://repo.maven.apache.org/maven2/org/lwjgl/lwjgl-openal/3.3.6/lwjgl-openal-3.3.6-natives-macos-arm64.jar",
                    "sha1": "13f692aec4ae4b2d3c468aa0008472175f0ea1e0",
                    "size": 523209
                }
            },
            "rules": [
                {
                    "action": "allow",
                    "os": {
                        "name": "osx"
                    }
                },
                {
                    "action": "allow",
                    "os": {
                        "name": "osx-arm64"
                    }
                }
            ]
        },
        {
            "name": "org.lwjgl:lwjgl-openal:3.3.6:natives-macos",
            "downloads": {
                "artifact": {
                    "path": "org/lwjgl/lwjgl-openal/3.3.6/lwjgl-openal-3.3.6-natives-macos.jar",
                    "url": "https://repo.maven.apache.org/maven2/org/lwjgl/lwjgl-openal/3.3.6/lwjgl-openal-3.3.6-natives-macos.jar",
                    "sha1": "c39f6827f0bd97601fc4e389801d5c813f59a5f2",
                    "size": 574093
                }
            },
            "rules": [
                {
                    "action": "allow",
                    "os": {
                        "name": "osx"
                    }
                }
            ]
        },
        {
            "name": "org.lwjgl:lwjgl-openal:3.3.6:natives-windows-arm64",
            "downloads": {
                "artifact": {
                    "path": "org/lwjgl/lwjgl-openal/3.3.6/lwjgl-openal-3.3.6-natives-windows-arm64.jar",
                    "url": "https://repo.maven.apache.org/maven2/org/lwjgl/lwjgl-openal/3.3.6/lwjgl-openal-3.3.6-natives-windows-arm64.jar",
                    "sha1": "307f6b917dfab8c29f7e134e0ab147bfee10eb66",
                    "size": 666648
                }
            },
            "rules": [
                {
                    "action": "allow",
                    "os": {
                        "name": "windows"
                    }
                },
                {
                    "action": "allow",
                    "os": {
                        "name": "windows-arm64"
                    }
                }
            ]
        },
        {
            "name": "org.lwjgl:lwjgl-openal:3.3.6:natives-windows-x86",
            "downloads": {
                "artifact": {
                    "path": "org/lwjgl/lwjgl-openal/3.3.6/lwjgl-openal-3.3.6-natives-windows-x86.jar",
                    "url": "https://repo.maven.apache.org/maven2/org/lwjgl/lwjgl-openal/3.3.6/lwjgl-openal-3.3.6-natives-windows-x86.jar",
                    "sha1": "82f693541d69aa125750bf8be9c4194435c56f03",
                    "size": 697562
                }
            },
            "rules": [
                {
                    "action": "allow",
                    "os": {
                        "name": "windows"
                    }
                }
            ]
        },
        {
            "name": "org.lwjgl:lwjgl-openal:3.3.6:natives-windows",
            "downloads": {
                "artifact": {
                    "path": "org/lwjgl/lwjgl-openal/3.3.6/lwjgl-openal-3.3.6-natives-windows.jar",
                    "url": "https://repo.maven.apache.org/maven2/org/lwjgl/lwjgl-openal/3.3.6/lwjgl-openal-3.3.6-natives-windows.jar",
                    "sha1": "9c2b9b660e085bb0b47a4453dc0e26f24a5475e4",
                    "size": 761720
                }
            },
            "rules": [
                {
                    "action": "allow",
                    "os": {
                        "name": "windows"
                    }
                }
            ]
        },
        {
            "name": "org.lwjgl:lwjgl-opengl:3.3.6:natives-linux-arm64",
            "downloads": {
                "artifact": {
                    "path": "org/lwjgl/lwjgl-opengl/3.3.6/lwjgl-opengl-3.3.6-natives-linux-arm64.jar",
                    "url": "https://repo.maven.apache.org/maven2/org/lwjgl/lwjgl-opengl/3.3.6/lwjgl-opengl-3.3.6-natives-linux-arm64.jar",
                    "sha1": "44de180f79e0b45c9e5bee10ca7540dcb5ddd373",
                    "size": 79414
                }
            },
            "rules": [
                {
                    "action": "allow",
                    "os": {
                        "name": "linux"
                    }
                },
                {
                    "action": "allow",
                    "os": {
                        "name": "linux-arm64"
                    }
                }
            ]
        },
        {
            "name": "org.lwjgl:lwjgl-opengl:3.3.6:natives-linux-arm32",
            "downloads": {
                "artifact": {
                    "path": "org/lwjgl/lwjgl-opengl/3.3.6/lwjgl-opengl-3.3.6-natives-linux-arm32.jar",
                    "url": "https://repo.maven.apache.org/maven2/org/lwjgl/lwjgl-opengl/3.3.6/lwjgl-opengl-3.3.6-natives-linux-arm32.jar",
                    "sha1": "ee815fbf454b916f13c10fff62e513eb09042ef0",
                    "size": 58633
                }
            },
            "rules": [
                {
                    "action": "allow",
                    "os": {
                        "name": "linux"
                    }
                }
            ]
        },
        {
            "name": "org.lwjgl:lwjgl-opengl:3.3.6:natives-linux",
            "downloads": {
                "artifact": {
                    "path": "org/lwjgl/lwjgl-opengl/3.3.6/lwjgl-opengl-3.3.6-natives-linux.jar",
                    "url": "https://repo.maven.apache.org/maven2/org/lwjgl/lwjgl-opengl/3.3.6/lwjgl-opengl-3.3.6-natives-linux.jar",
                    "sha1": "b8dc6467fe232d552793c53dc56f9fa8a385299c",
                    "size": 80466
                }
            },
            "rules": [
                {
                    "action": "allow",
                    "os": {
                        "name": "linux"
                    }
                }
            ]
        },
        {
            "name": "org.lwjgl:lwjgl-opengl:3.3.6:natives-macos-arm64",
            "downloads": {
                "artifact": {
                    "path": "org/lwjgl/lwjgl-opengl/3.3.6/lwjgl-opengl-3.3.6-natives-macos-arm64.jar",
                    "url": "https://repo.maven.apache.org/maven2/org/lwjgl/lwjgl-opengl/3.3.6/lwjgl-opengl-3.3.6-natives-macos-arm64.jar",
                    "sha1": "fee4fb2ee786af6530b6f9188205a76bc4e05268",
                    "size": 42551
                }
            },
            "rules": [
                {
                    "action": "allow",
                    "os": {
                        "name": "osx"
                    }
                },
                {
                    "action": "allow",
                    "os": {
                        "name": "osx-arm64"
                    }
                }
            ]
        },
        {
            "name": "org.lwjgl:lwjgl-opengl:3.3.6:natives-macos",
            "downloads": {
                "artifact": {
                    "path": "org/lwjgl/lwjgl-opengl/3.3.6/lwjgl-opengl-3.3.6-natives-macos.jar",
                    "url": "https://repo.maven.apache.org/maven2/org/lwjgl/lwjgl-opengl/3.3.6/lwjgl-opengl-3.3.6-natives-macos.jar",
                    "sha1": "59f708eb4bf0be0204bbc9c06807911724673db6",
                    "size": 53873
                }
            },
            "rules": [
                {
                    "action": "allow",
                    "os": {
                        "name": "osx"
                    }
                }
            ]
        },
        {
            "name": "org.lwjgl:lwjgl-opengl:3.3.6:natives-windows-arm64",
            "downloads": {
                "artifact": {
                    "path": "org/lwjgl/lwjgl-opengl/3.3.6/lwjgl-opengl-3.3.6-natives-windows-arm64.jar",
                    "url": "https://repo.maven.apache.org/maven2/org/lwjgl/lwjgl-opengl/3.3.6/lwjgl-opengl-3.3.6-natives-windows-arm64.jar",
                    "sha1": "f504b9005d1a0264ddc756e2331f44a1881ae74c",
                    "size": 83828
                }
            },
            "rules": [
                {
                    "action": "allow",
                    "os": {
                        "name": "windows"
                    }
                },
                {
                    "action": "allow",
                    "os": {
                        "name": "windows-arm64"
                    }
                }
            ]
        },
        {
            "name": "org.lwjgl:lwjgl-opengl:3.3.6:natives-windows-x86",
            "downloads": {
                "artifact": {
                    "path": "org/lwjgl/lwjgl-opengl/3.3.6/lwjgl-opengl-3.3.6-natives-windows-x86.jar",
                    "url": "https://repo.maven.apache.org/maven2/org/lwjgl/lwjgl-opengl/3.3.6/lwjgl-opengl-3.3.6-natives-windows-x86.jar",
                    "sha1": "b0ab1d0e315d2fcc50d6cab7e8feaf4688d5d9a0",
                    "size": 89383
                }
            },
            "rules": [
                {
                    "action": "allow",
                    "os": {
                        "name": "windows"
                    }
                }
            ]
        },
        {
            "name": "org.lwjgl:lwjgl-opengl:3.3.6:natives-windows",
            "downloads": {
                "artifact": {
                    "path": "org/lwjgl/lwjgl-opengl/3.3.6/lwjgl-opengl-3.3.6-natives-windows.jar",
                    "url": "https://repo.maven.apache.org/maven2/org/lwjgl/lwjgl-opengl/3.3.6/lwjgl-opengl-3.3.6-natives-windows.jar",
                    "sha1": "18dc639ebc94aa5202c2157f7490d28997b697c5",
                    "size": 98896
                }
            },
            "rules": [
                {
                    "action": "allow",
                    "os": {
                        "name": "windows"
                    }
                }
            ]
        },
        {
            "name": "org.lwjgl:lwjgl-stb:3.3.6:natives-linux-arm64",
            "downloads": {
                "artifact": {
                    "path": "org/lwjgl/lwjgl-stb/3.3.6/lwjgl-stb-3.3.6-natives-linux-arm64.jar",
                    "url": "https://repo.maven.apache.org/maven2/org/lwjgl/lwjgl-stb/3.3.6/lwjgl-stb-3.3.6-natives-linux-arm64.jar",
                    "sha1": "397f588f867e9c4faf1a34231344c9209dabc052",
                    "size": 256144
                }
            },
            "rules": [
                {
                    "action": "allow",
                    "os": {
                        "name": "linux"
                    }
                },
                {
                    "action": "allow",
                    "os": {
                        "name": "linux-arm64"
                    }
                }
            ]
        },
        {
            "name": "org.lwjgl:lwjgl-stb:3.3.6:natives-linux-arm32",
            "downloads": {
                "artifact": {
                    "path": "org/lwjgl/lwjgl-stb/3.3.6/lwjgl-stb-3.3.6-natives-linux-arm32.jar",
                    "url": "https://repo.maven.apache.org/maven2/org/lwjgl/lwjgl-stb/3.3.6/lwjgl-stb-3.3.6-natives-linux-arm32.jar",
                    "sha1": "f47bac442afcb7fd014af7d90892024fe3c0d920",
                    "size": 191834
                }
            },
            "rules": [
                {
                    "action": "allow",
                    "os": {
                        "name": "linux"
                    }
                }
            ]
        },
        {
            "name": "org.lwjgl:lwjgl-stb:3.3.6:natives-linux",
            "downloads": {
                "artifact": {
                    "path": "org/lwjgl/lwjgl-stb/3.3.6/lwjgl-stb-3.3.6-natives-linux.jar",
                    "url": "https://repo.maven.apache.org/maven2/org/lwjgl/lwjgl-stb/3.3.6/lwjgl-stb-3.3.6-natives-linux.jar",
                    "sha1": "78f27d07accd70ca857049ea9fa0dc7d2f3875dc",
                    "size": 270145
                }
            },
            "rules": [
                {
                    "action": "allow",
                    "os": {
                        "name": "linux"
                    }
                }
            ]
        },
        {
            "name": "org.lwjgl:lwjgl-stb:3.3.6:natives-macos-arm64",
            "downloads": {
                "artifact": {
                    "path": "org/lwjgl/lwjgl-stb/3.3.6/lwjgl-stb-3.3.6-natives-macos-arm64.jar",
                    "url": "https://repo.maven.apache.org/maven2/org/lwjgl/lwjgl-stb/3.3.6/lwjgl-stb-3.3.6-natives-macos-arm64.jar",
                    "sha1": "1a0c5e9e5a8b049dccad7b7b137aab44f14c5d25",
                    "size": 185447
                }
            },
            "rules": [
                {
                    "action": "allow",
                    "os": {
                        "name": "osx"
                    }
                },
                {
                    "action": "allow",
                    "os": {
                        "name": "osx-arm64"
                    }
                }
            ]
        },
        {
            "name": "org.lwjgl:lwjgl-stb:3.3.6:natives-macos",
            "downloads": {
                "artifact": {
                    "path": "org/lwjgl/lwjgl-stb/3.3.6/lwjgl-stb-3.3.6-natives-macos.jar",
                    "url": "https://repo.maven.apache.org/maven2/org/lwjgl/lwjgl-stb/3.3.6/lwjgl-stb-3.3.6-natives-macos.jar",
                    "sha1": "d18b8016b1d458327ba987d398d7dd4fd20fb115",
                    "size": 217126
                }
            },
            "rules": [
                {
                    "action": "allow",
                    "os": {
                        "name": "osx"
                    }
                }
            ]
        },
        {
            "name": "org.lwjgl:lwjgl-stb:3.3.6:natives-windows-arm64",
            "downloads": {
                "artifact": {
                    "path": "org/lwjgl/lwjgl-stb/3.3.6/lwjgl-stb-3.3.6-natives-windows-arm64.jar",
                    "url": "https://repo.maven.apache.org/maven2/org/lwjgl/lwjgl-stb/3.3.6/lwjgl-stb-3.3.6-natives-windows-arm64.jar",
                    "sha1": "9f4369c17964cd589703a5acb4b78945fc6b9299",
                    "size": 241471
                }
            },
            "rules": [
                {
                    "action": "allow",
                    "os": {
                        "name": "windows"
                    }
                },
                {
                    "action": "allow",
                    "os": {
                        "name": "windows-arm64"
                    }
                }
            ]
        },
        {
            "name": "org.lwjgl:lwjgl-stb:3.3.6:natives-windows-x86",
            "downloads": {
                "artifact": {
                    "path": "org/lwjgl/lwjgl-stb/3.3.6/lwjgl-stb-3.3.6-natives-windows-x86.jar",
                    "url": "https://repo.maven.apache.org/maven2/org/lwjgl/lwjgl-stb/3.3.6/lwjgl-stb-3.3.6-natives-windows-x86.jar",
                    "sha1": "bfe841629fc2ed6d772693c3a40a0c4b355567c9",
                    "size": 253757
                }
            },
            "rules": [
                {
                    "action": "allow",
                    "os": {
                        "name": "windows"
                    }
                }
            ]
        },
        {
            "name": "org.lwjgl:lwjgl-stb:3.3.6:natives-windows",
            "downloads": {
                "artifact": {
                    "path": "org/lwjgl/lwjgl-stb/3.3.6/lwjgl-stb-3.3.6-natives-windows.jar",
                    "url": "https://repo.maven.apache.org/maven2/org/lwjgl/lwjgl-stb/3.3.6/lwjgl-stb-3.3.6-natives-windows.jar",
                    "sha1": "334cf885b39e2db9070c39e70e65efb136435f10",
                    "size": 292021
                }
            },
            "rules": [
                {
                    "action": "allow",
                    "os": {
                        "name": "windows"
                    }
                }
            ]
        },
        {
            "name": "org.lwjgl:lwjgl-tinyfd:3.3.6:natives-linux-arm64",
            "downloads": {
                "artifact": {
                    "path": "org/lwjgl/lwjgl-tinyfd/3.3.6/lwjgl-tinyfd-3.3.6-natives-linux-arm64.jar",
                    "url": "https://repo.maven.apache.org/maven2/org/lwjgl/lwjgl-tinyfd/3.3.6/lwjgl-tinyfd-3.3.6-natives-linux-arm64.jar",
                    "sha1": "7806e57c3d9ea6b6a552c72f5e2597343c4d4138",
                    "size": 44504
                }
            },
            "rules": [
                {
                    "action": "allow",
                    "os": {
                        "name": "linux"
                    }
                },
                {
                    "action": "allow",
                    "os": {
                        "name": "linux-arm64"
                    }
                }
            ]
        },
        {
            "name": "org.lwjgl:lwjgl-tinyfd:3.3.6:natives-linux-arm32",
            "downloads": {
                "artifact": {
                    "path": "org/lwjgl/lwjgl-tinyfd/3.3.6/lwjgl-tinyfd-3.3.6-natives-linux-arm32.jar",
                    "url": "https://repo.maven.apache.org/maven2/org/lwjgl/lwjgl-tinyfd/3.3.6/lwjgl-tinyfd-3.3.6-natives-linux-arm32.jar",
                    "sha1": "800ad2c9492a7ccadb23886c9e231f60c12a9037",
                    "size": 50599
                }
            },
            "rules": [
                {
                    "action": "allow",
                    "os": {
                        "name": "linux"
                    }
                }
            ]
        },
        {
            "name": "org.lwjgl:lwjgl-tinyfd:3.3.6:natives-linux",
            "downloads": {
                "artifact": {
                    "path": "org/lwjgl/lwjgl-tinyfd/3.3.6/lwjgl-tinyfd-3.3.6-natives-linux.jar",
                    "url": "https://repo.maven.apache.org/maven2/org/lwjgl/lwjgl-tinyfd/3.3.6/lwjgl-tinyfd-3.3.6-natives-linux.jar",
                    "sha1": "72fbfe4aa675fe6c95fe7b2a1e11b514dc1c39e5",
                    "size": 45677
                }
            },
            "rules": [
                {
                    "action": "allow",
                    "os": {
                        "name": "linux"
                    }
                }
            ]
        },
        {
            "name": "org.lwjgl:lwjgl-tinyfd:3.3.6:natives-macos-arm64",
            "downloads": {
                "artifact": {
                    "path": "org/lwjgl/lwjgl-tinyfd/3.3.6/lwjgl-tinyfd-3.3.6-natives-macos-arm64.jar",
                    "url": "https://repo.maven.apache.org/maven2/org/lwjgl/lwjgl-tinyfd/3.3.6/lwjgl-tinyfd-3.3.6-natives-macos-arm64.jar",
                    "sha1": "5717cc0a0e6072fda1566fa16e0790c805543c00",
                    "size": 33930
                }
            },
            "rules": [
                {
                    "action": "allow",
                    "os": {
                        "name": "osx"
                    }
                },
                {
                    "action": "allow",
                    "os": {
                        "name": "osx-arm64"
                    }
                }
            ]
        },
        {
            "name": "org.lwjgl:lwjgl-tinyfd:3.3.6:natives-macos",
            "downloads": {
                "artifact": {
                    "path": "org/lwjgl/lwjgl-tinyfd/3.3.6/lwjgl-tinyfd-3.3.6-natives-macos.jar",
                    "url": "https://repo.maven.apache.org/maven2/org/lwjgl/lwjgl-tinyfd/3.3.6/lwjgl-tinyfd-3.3.6-natives-macos.jar",
                    "sha1": "e7581dd7e7ff22628b185fd1966fcf1468aa16da",
                    "size": 36320
                }
            },
            "rules": [
                {
                    "action": "allow",
                    "os": {
                        "name": "osx"
                    }
                }
            ]
        },
        {
            "name": "org.lwjgl:lwjgl-tinyfd:3.3.6:natives-windows-arm64",
            "downloads": {
                "artifact": {
                    "path": "org/lwjgl/lwjgl-tinyfd/3.3.6/lwjgl-tinyfd-3.3.6-natives-windows-arm64.jar",
                    "url": "https://repo.maven.apache.org/maven2/org/lwjgl/lwjgl-tinyfd/3.3.6/lwjgl-tinyfd-3.3.6-natives-windows-arm64.jar",
                    "sha1": "aaff12e4f1a62a78160f4f2039d08a87e36b3b47",
                    "size": 113002
                }
            },
            "rules": [
                {
                    "action": "allow",
                    "os": {
                        "name": "windows"
                    }
                },
                {
                    "action": "allow",
                    "os": {
                        "name": "windows-arm64"
                    }
                }
            ]
        },
        {
            "name": "org.lwjgl:lwjgl-tinyfd:3.3.6:natives-windows-x86",
            "downloads": {
                "artifact": {
                    "path": "org/lwjgl/lwjgl-tinyfd/3.3.6/lwjgl-tinyfd-3.3.6-natives-windows-x86.jar",
                    "url": "https://repo.maven.apache.org/maven2/org/lwjgl/lwjgl-tinyfd/3.3.6/lwjgl-tinyfd-3.3.6-natives-windows-x86.jar",
                    "sha1": "a0d90f39fa30552f527873c1c39017e1e18b946b",
                    "size": 112484
                }
            },
            "rules": [
                {
                    "action": "allow",
                    "os": {
                        "name": "windows"
                    }
                }
            ]
        },
        {
            "name": "org.lwjgl:lwjgl-tinyfd:3.3.6:natives-windows",
            "downloads": {
                "artifact": {
                    "path": "org/lwjgl/lwjgl-tinyfd/3.3.6/lwjgl-tinyfd-3.3.6-natives-windows.jar",
                    "url": "https://repo.maven.apache.org/maven2/org/lwjgl/lwjgl-tinyfd/3.3.6/lwjgl-tinyfd-3.3.6-natives-windows.jar",
                    "sha1": "e2edcbe44ae26d2914156386e224b67f4b47c442",
                    "size": 131024
                }
            },
            "rules": [
                {
                    "action": "allow",
                    "os": {
                        "name": "windows"
                    }
                }
            ]
        },
        {
            "name": "org.lwjgl:lwjgl:3.3.6:natives-linux-arm64",
            "downloads": {
                "artifact": {
                    "path": "org/lwjgl/lwjgl/3.3.6/lwjgl-3.3.6-natives-linux-arm64.jar",
                    "url": "https://repo.maven.apache.org/maven2/org/lwjgl/lwjgl/3.3.6/lwjgl-3.3.6-natives-linux-arm64.jar",
                    "sha1": "9eeb8887b5e3aa672efd2e1b0973ffa5891a3151",
                    "size": 117172
                }
            },
            "rules": [
                {
                    "action": "allow",
                    "os": {
                        "name": "linux"
                    }
                },
                {
                    "action": "allow",
                    "os": {
                        "name": "linux-arm64"
                    }
                }
            ]
        },
        {
            "name": "org.lwjgl:lwjgl:3.3.6:natives-linux-arm32",
            "downloads": {
                "artifact": {
                    "path": "org/lwjgl/lwjgl/3.3.6/lwjgl-3.3.6-natives-linux-arm32.jar",
                    "url": "https://repo.maven.apache.org/maven2/org/lwjgl/lwjgl/3.3.6/lwjgl-3.3.6-natives-linux-arm32.jar",
                    "sha1": "2c9d698e76c3d0fe307d94cc6f428038492f25df",
                    "size": 88490
                }
            },
            "rules": [
                {
                    "action": "allow",
                    "os": {
                        "name": "linux"
                    }
                }
            ]
        },
        {
            "name": "org.lwjgl:lwjgl:3.3.6:natives-linux",
            "downloads": {
                "artifact": {
                    "path": "org/lwjgl/lwjgl/3.3.6/lwjgl-3.3.6-natives-linux.jar",
                    "url": "https://repo.maven.apache.org/maven2/org/lwjgl/lwjgl/3.3.6/lwjgl-3.3.6-natives-linux.jar",
                    "sha1": "dc7db8fc4f1e6563867f9155b9a42d9c73d8992f",
                    "size": 121299
                }
            },
            "rules": [
                {
                    "action": "allow",
                    "os": {
                        "name": "linux"
                    }
                }
            ]
        },
        {
            "name": "org.lwjgl:lwjgl:3.3.6:natives-macos-arm64",
            "downloads": {
                "artifact": {
                    "path": "org/lwjgl/lwjgl/3.3.6/lwjgl-3.3.6-natives-macos-arm64.jar",
                    "url": "https://repo.maven.apache.org/maven2/org/lwjgl/lwjgl/3.3.6/lwjgl-3.3.6-natives-macos-arm64.jar",
                    "sha1": "832e2964ce74e02e768814a29c06d60645115b9a",
                    "size": 50369
                }
            },
            "rules": [
                {
                    "action": "allow",
                    "os": {
                        "name": "osx"
                    }
                },
                {
                    "action": "allow",
                    "os": {
                        "name": "osx-arm64"
                    }
                }
            ]
        },
        {
            "name": "org.lwjgl:lwjgl:3.3.6:natives-macos",
            "downloads": {
                "artifact": {
                    "path": "org/lwjgl/lwjgl/3.3.6/lwjgl-3.3.6-natives-macos.jar",
                    "url": "https://repo.maven.apache.org/maven2/org/lwjgl/lwjgl/3.3.6/lwjgl-3.3.6-natives-macos.jar",
                    "sha1": "f14e7a5289d2355822f4f83b3fd38d158c939acd",
                    "size": 75211
                }
            },
            "rules": [
                {
                    "action": "allow",
                    "os": {
                        "name": "osx"
                    }
                }
            ]
        },
        {
            "name": "org.lwjgl:lwjgl:3.3.6:natives-windows-arm64",
            "downloads": {
                "artifact": {
                    "path": "org/lwjgl/lwjgl/3.3.6/lwjgl-3.3.6-natives-windows-arm64.jar",
                    "url": "https://repo.maven.apache.org/maven2/org/lwjgl/lwjgl/3.3.6/lwjgl-3.3.6-natives-windows-arm64.jar",
                    "sha1": "227174aa24c303261e68e4741c90b504e6011f5c",
                    "size": 140009
                }
            },
            "rules": [
                {
                    "action": "allow",
                    "os": {
                        "name": "windows"
                    }
                },
                {
                    "action": "allow",
                    "os": {
                        "name": "windows-arm64"
                    }
                }
            ]
        },
        {
            "name": "org.lwjgl:lwjgl:3.3.6:natives-windows-x86",
            "downloads": {
                "artifact": {
                    "path": "org/lwjgl/lwjgl/3.3.6/lwjgl-3.3.6-natives-windows-x86.jar",
                    "url": "https://repo.maven.apache.org/maven2/org/lwjgl/lwjgl/3.3.6/lwjgl-3.3.6-natives-windows-x86.jar",
                    "sha1": "7a6f04e02429ba2f4bda9be191347bb7d3c71127",
                    "size": 144049
                }
            },
            "rules": [
                {
                    "action": "allow",
                    "os": {
                        "name": "windows"
                    }
                }
            ]
        },
        {
            "name": "org.lwjgl:lwjgl:3.3.6:natives-windows",
            "downloads": {
                "artifact": {
                    "path": "org/lwjgl/lwjgl/3.3.6/lwjgl-3.3.6-natives-windows.jar",
                    "url": "https://repo.maven.apache.org/maven2/org/lwjgl/lwjgl/3.3.6/lwjgl-3.3.6-natives-windows.jar",
                    "sha1": "9a29b6a22fc5184604b8cb434ee5d5ecc4bfcbee",
                    "size": 168988
                }
            },
            "rules": [
                {
                    "action": "allow",
                    "os": {
                        "name": "windows"
                    }
                }
            ]
        }
    ],
    "name": "LWJGL 3",
    "releaseTime": "2017-04-05T13:58:01+00:00",
    "type": "release",
    "uid": "org.lwjgl3",
    "version": "3.3.6",
    "volatile": true
}